<?xml version="1.0" encoding="UTF-8"?>
<project-private xmlns="http://www.netbeans.org/ns/project-private/1">
    <editor-bookmarks xmlns="http://www.netbeans.org/ns/editor-bookmarks/2" lastBookmarkId="0"/>
    <open-files xmlns="http://www.netbeans.org/ns/projectui-open-files/2">
        <group>
            <file>file:/C:/xampp/htdocs/firstLaravel/resources/views/incident_details_list.blade.php</file>
            <file>file:/C:/xampp/htdocs/firstLaravel/routes/web.php</file>
            <file>file:/C:/xampp/htdocs/firstLaravel/public/js/custom.js</file>
            <file>file:/C:/xampp/htdocs/firstLaravel/public/css/custom.css</file>
            <file>file:/C:/xampp/htdocs/firstLaravel/resources/views/new.blade.php</file>
            <file>file:/C:/xampp/htdocs/firstLaravel/resources/views/create_incident.blade.php</file>
            <file>file:/C:/xampp/htdocs/firstLaravel/app/Http/Controllers/saveController.php</file>
        </group>
    </open-files>
</project-private>
